{
  "loss": [
    9.241004943847656,
    9.169760704040527,
    9.097249031066895,
    9.029483795166016,
    8.969629287719727,
    8.919602394104004,
    8.869109153747559,
    8.824457168579102,
    8.773774147033691,
    8.720993041992188
  ],
  "masked_accuracy": [
    0.0,
    0.0,
    0.0014194464311003685,
    0.034066714346408844,
    0.05677785724401474,
    0.0752306580543518,
    0.06884314864873886,
    0.0752306580543518,
    0.07310149073600769,
    0.07594038546085358
  ],
  "val_loss": [
    9.146828651428223,
    9.083806991577148,
    9.027576446533203,
    8.977662086486816,
    8.933025360107422,
    8.8920259475708,
    8.853653907775879,
    8.817326545715332,
    8.782652854919434,
    8.749403953552246
  ],
  "val_masked_accuracy": [
    0.0,
    0.02166065014898777,
    0.06137184053659439,
    0.072202168405056,
    0.072202168405056,
    0.072202168405056,
    0.06498195230960846,
    0.06498195230960846,
    0.06498195230960846,
    0.06498195230960846
  ],
  "learning_rate": [
    9.999999747378752e-05,
    9.999999747378752e-05,
    9.999999747378752e-05,
    9.999999747378752e-05,
    9.999999747378752e-05,
    9.999999747378752e-05,
    9.999999747378752e-05,
    9.999999747378752e-05,
    9.999999747378752e-05,
    9.999999747378752e-05
  ]
}